Ticker,Description,Exchange,Bollinger Lower Band (20),Relative Strength Index (14),Relative Volume,Average Volume (10 day),Volume,High,Last,Low,Average Day Range (14),ADRTOPRICE,Hull Moving Average (9),Exponential Moving Average (10),"Change 5m, %","Change 15m, %","Change 1h, %","Change 4h, %",Change %,Monthly Performance
QTUMUSDT,Qtum / TetherUS,BINANCE,20.77918549,64.10065095,0.02527321,6294317.726,21037.744,31.386,31.124,31.014,2.01285714,6.47%,32.83757778,30.47043551,-0.72089314,-0.72089314,-8.1779561,25.62156926,-0.72089314,69.39175932
LSKUSDT,Lisk / TetherUS,BINANCE,6.15677956,58.15168365,0.01473374,3371479.684,10365.39,7.9222,7.8754,7.8522,0.47029286,5.97%,7.94661556,8.0011036,-0.26089159,-0.26089159,-5.88671128,13.7932031,-0.26089159,13.35665745
ETCUSDT,Ethereum Classic / TetherUS,BINANCE,125.1010137,36.66514427,0.11205331,14158485.48,42620.266,125.394,124.737,123.6,6.42521429,5.15%,125.5802963,132.6211034,-0.51284096,-0.51284096,-6.99666719,-6.81811391,-0.51284096,228.1600276
FISUSDT,FIS / TetherUS,BINANCE,2.70642138,44.6241662,0.02415455,6766417.272,2138.942,2.876,2.861,2.86,0.13257143,4.63%,2.85737037,2.91506033,-0.62521709,-0.62521709,-1.27674258,-7.47089263,-0.62521709,-11.96923077
OMGUSDT,OmiseGO / TetherUS,BINANCE,11.1018148,61.79983113,0.0220152,8978115.022,15794.07,13.2239,13.2,13.1865,0.58518571,4.43%,13.70363593,12.94518144,-0.06283928,-0.06283928,-0.18070194,0.47803185,-0.06283928,29.29162562
FIROUSDT,FIRO / TetherUS,BINANCE,14.21451926,54.21718068,0.03911627,357635.581,1084.985,16.253,16.139,16.139,0.67442857,4.18%,16.55787778,16.35490068,-0.70140897,-0.70140897,-7.22046565,7.54804815,-0.70140897,24.6964189
BTTUSDT,BitTorrent / TetherUS,BINANCE,0.00731782,53.30296631,0.03859104,43923116217,145495225,0.008299,0.0082946,0.0082556,0.00034033,4.10%,0.00843392,0.00844161,0.34963766,0.34963766,-6.65541301,4.99493671,0.34963766,7.49115142
EOSUSDT,EOS / TetherUS,BINANCE,10.9457239,54.19016897,0.02662797,62968967.73,93568.88,12.1833,12.1723,12.0907,0.46198571,3.80%,12.44722074,12.24312408,0.61331945,0.61331945,-5.3740788,6.17569324,0.61331945,43.69571869
ONTUSDT,Ontology / TetherUS,BINANCE,2.54538503,56.71203635,0.03818262,82252313.49,147683.01,2.7861,2.7734,2.76,0.10023571,3.61%,2.88478111,2.76483366,-0.3986353,-0.3986353,-5.10179641,3.94007491,-0.3986353,18.33846417
VETUSDT,VeChain / TetherUS,BINANCE,0.20205957,57.30441014,0.03903251,1889672360,4413494.8,0.23478,0.23345,0.23254,0.00774357,3.32%,0.23840704,0.23487856,-0.51987898,-0.51987898,-2.24036851,8.15882135,-0.51987898,-0.06183764
WINUSDT,WINK / TetherUS,BINANCE,0.00127059,54.4181464,0.03289598,1.47232E+11,232571551,0.0013911,0.0013851,0.0013801,0.00004553,3.29%,0.0013885,0.00139759,-0.35971223,-0.35251799,-3.49777035,5.24316109,-0.35251799,-8.37144562
WTCUSDT,Walton / TetherUS,BINANCE,1.82654937,55.53760909,0.06290402,4738674.265,16269.43,1.9178,1.9178,1.8986,0.06262143,3.27%,1.92186111,1.92954907,0.27188121,0.27188121,-1.26139113,2.07579306,0.27188121,-3.4115569
SLPUSDT,SLP / TetherUS,BINANCE,0.22263113,31.46214699,0.0275505,,60546,0.2265,0.2252,0.2249,0.00726429,3.23%,0.22456222,0.2326713,-0.57395143,-0.57395143,-3.18142734,-5.81346717,-0.57395143,
NEOUSDT,NEO / TetherUS,BINANCE,117.6254222,57.91164805,0.02895622,1741962.828,3112.006,133.44,132.575,132.421,4.147,3.13%,137.0398148,131.9279901,-0.64077583,-0.64227472,-4.96272401,7.96700165,-0.64227472,52.50999044
ONGUSDT,Ontology Gas / TetherUS,BINANCE,1.02933396,65.05109366,0.17353372,5989648.364,49708.95,1.1712,1.1571,1.1571,0.03488571,3.01%,1.17832444,1.12602428,-1.1025641,-1.1025641,1.32224168,5.43052392,-1.1025641,-14.85659515
IOSTUSDT,IOST / TetherUS,BINANCE,0.062119,57.05035226,0.05509275,976687502.9,3201902,0.068746,0.068581,0.0685,0.002008,2.93%,0.06965521,0.06886059,-0.13687659,-0.13687659,-3.59045731,6.30590132,-0.13687659,-4.27115331
BURGERUSDT,BURGER / TetherUS,BINANCE,12.831364,36.36554406,0.0049115,,272.2,12.94,12.92,12.92,0.36285714,2.81%,13.07618519,13.24610584,-0.07733952,-0.07733952,-4.2962963,-6.64739884,-0.07733952,
JSTUSDT,JST / TetherUS,BINANCE,0.13914074,58.18474179,0.04510799,83348380.77,194413.9,0.15404,0.15348,0.15289,0.00429071,2.80%,0.15494656,0.15409266,-0.09113397,-0.09113397,-3.28922495,6.39861352,-0.09113397,-9.06389302
DOGEUSDT,Dogecoin / TetherUS,BINANCE,0.52974791,35.99401095,0.02145207,9038999193,2875739.4,0.54424,0.54152,0.54021,0.01510786,2.79%,0.53745115,0.55107451,-0.49246601,-0.49246601,-0.71868583,-6.80480501,-0.49246601,48.15153318
FLMUSDT,FLM / TetherUS,BINANCE,0.9428745,59.88214521,0.03122369,27240036.99,25997.35,1.0792,1.0743,1.0722,0.02960714,2.76%,1.10739222,1.06761916,-0.40763387,-0.47248471,-3.65022422,8.91119221,-0.47248471,2.90035417
DASHUSDT,Dash / TetherUS,BINANCE,423.6467037,53.23956631,0.03167023,289524.2259,375.22063,452.09,450.11,449.69,12.21928571,2.71%,450.2627407,454.4300081,-0.32562467,-0.29461279,-0.66866752,1.57974318,-0.29461279,18.98697387
XTZUSDT,Tezos / TetherUS,BINANCE,7.43243202,55.258917,0.03937702,10828854.53,21466.01,7.9685,7.9256,7.9201,0.2131,2.69%,8.12529519,7.930191,-0.43043407,-0.54086614,-3.71036326,4.63390806,-0.54086614,10.17292868
TLMUSDT,TLM / TetherUS,BINANCE,0.58231918,38.56054122,0.04311008,384201974.1,130277.25,0.5898,0.5872,0.587,0.01523571,2.59%,0.58655741,0.60246383,0.20418581,-0.08507742,-2.99025277,-2.94214876,-0.08507742,53.61713241
TRXUSDT,TRON / TetherUS,BINANCE,0.14695783,55.28808367,0.06080677,2393892393,7654927.1,0.16184,0.16057,0.16037,0.00398143,2.48%,0.16299989,0.16217167,-0.72952087,-0.72952087,-4.25163983,5.52707676,-0.72952087,0.07457585
MANAUSDT,Decentraland / TetherUS,BINANCE,1.41408564,48.51034135,0.04321622,33130347.67,32881.95,1.4809,1.4747,1.4746,0.0356,2.41%,1.47822815,1.5021796,-0.38503107,-0.38503107,-2.62793001,-6.09996816,-0.38503107,13.52100384
VTHOUSDT,VTHO / TetherUS,BINANCE,0.0167142,58.91873642,0.02931546,1018127195,1025009,0.018199,0.018199,0.01815,0.00043407,2.39%,0.01839077,0.01809565,0.21475771,0.21475771,-1.55252624,5.15398394,0.21475771,-25.36193249
GXSUSDT,GXChain / TetherUS,BINANCE,1.09958451,61.48674775,0.07982159,5658467.055,9866.99,1.1917,1.1903,1.1903,0.02830714,2.38%,1.21238519,1.17239059,-0.03359368,-0.03359368,0.38795648,5.39224367,-0.03359368,8.30679647
XVSUSDT,XVS / TetherUS,BINANCE,105.329428,33.59328765,0.03810063,1151014.501,517.009,104.909,104.909,104.52,2.47764286,2.36%,104.8675222,107.721109,0.18237895,0.17378517,-2.8546032,-4.85095269,0.17378517,25.95443645
AVAXUSDT,AVAX / TetherUS,BINANCE,36.51753986,43.71588513,0.04326156,3390910.439,2718.448,37.2,37.154,37.015,0.81342857,2.19%,37.48708519,38.02598597,0.28885349,0.29965176,-4.72404596,-2.24455964,0.29965176,5.10578279
SUNUSDT,SUN / TetherUS,BINANCE,36.86164216,49.03348067,0.04124491,738653.7802,286.926,38.182,38.039,38.039,0.826,2.17%,38.46897407,38.58227711,-0.19939656,-0.19939656,-3.89823657,2.30775438,-0.19939656,-11.81086056
CTKUSDT,CTK / TetherUS,BINANCE,2.95634365,45.84537055,0.08050191,5747704.497,4475.79,3.0066,2.9907,2.9907,0.06384286,2.13%,3.02402481,3.01029229,-0.44605706,-0.44605706,-0.95051997,0.54462935,-0.44605706,-2.70859075
BTSUSDT,BitShares / TetherUS,BINANCE,0.14027066,54.24027425,0.25263479,108276806,645444.4,0.14554,0.14462,0.14402,0.00303786,2.10%,0.14624219,0.14425384,-0.73443613,-0.73443613,1.30288596,1.32417852,-0.73443613,-3.51333333
SUSHIUSDT,SUSHI / TetherUS,BINANCE,16.07104398,45.20379095,0.03086279,5305038.616,8404.676,16.442,16.436,16.401,0.34342857,2.09%,16.47781852,16.82933539,0.13403192,0.13403192,-3.63508443,-0.46027132,0.13403192,1.26847291
DENTUSDT,DENT / TetherUS,BINANCE,0.00939459,44.56790594,0.02320602,13457576138,6038748,0.0096178,0.0095867,0.0095866,0.00019926,2.08%,0.00962903,0.00974825,-0.24245578,-0.24245578,-2.96862348,0.03756613,-0.24245578,-17.00186139
LTCUSDT,Litecoin / TetherUS,BINANCE,332.3320811,65.8789487,0.13363625,1669399.461,6329.41352,369.09,366.19,365.2,7.41928571,2.03%,369.9664074,357.0884353,-0.564803,-0.564803,5.14845231,3.24808977,-0.564803,18.82112635
ALICEUSDT,ALICE / TetherUS,BINANCE,14.02838102,40.83451221,0.07148864,10487923.53,4869.65,14.0464,14.011,14.002,0.28296429,2.02%,14.19503259,14.24727725,-0.25415222,-0.25415222,-3.49088705,-1.41499145,-0.25415222,18.05805637
ZRXUSDT,0x / TetherUS,BINANCE,2.01349927,52.67921526,0.03405786,12290549.61,12132.4,2.0896,2.084,2.0823,0.04204286,2.02%,2.11281037,2.09775166,-0.17722004,-0.18200977,-1.55880964,1.56440372,-0.18200977,0.69417663
BAKEUSDT,BAKE / TetherUS,BINANCE,5.10223404,29.92039581,0.02048284,,5295.5,5.1899,5.1885,5.1763,0.10412143,2.01%,5.15222778,5.31422101,-0.02697547,-0.02697547,-1.32367205,-9.78090767,-0.02697547,
IOTAUSDT,IOTA / TetherUS,BINANCE,2.1621159,40.74359349,0.33005177,31665016.33,271041.18,2.1674,2.1552,2.1486,0.04312857,2.00%,2.17032741,2.20601526,-0.50320853,-0.50320853,-2.49287427,-2.86641428,-0.50320853,-13.78636907
BATUSDT,Basic Attention Token / TetherUS,BINANCE,1.35545008,67.13444257,0.07635243,22761328.05,86456.1,1.518,1.5097,1.5051,0.0302,2.00%,1.53326222,1.48621132,-0.5271134,-0.5271134,0.46582818,7.5361493,-0.5271134,-1.06822203
UTKUSDT,UTK / TetherUS,BINANCE,0.79131048,37.09847131,0.05258682,87398529.67,33137.79,0.7972,0.7937,0.79,0.01548571,1.95%,0.79983519,0.803913,-0.60256088,-0.3640472,-2.26573082,-2.17445021,-0.3640472,25.88123214
HOTUSDT,Holo / TetherUS,BINANCE,0.01459388,50.53030996,0.03423852,9431798450,7108371,0.015132,0.015086,0.015081,0.00029079,1.93%,0.01514634,0.01520421,-0.13242402,-0.11256042,-2.46961469,0.6741423,-0.11256042,-20.72404566
1INCHUSDT,1INCH / TetherUS,BINANCE,6.59282514,42.3599922,0.07160464,13425931.63,17953.37,6.6823,6.6218,6.61,0.12712143,1.92%,6.69397222,6.73947711,-0.87274143,-0.87274143,-2.22950626,0.23614181,-0.87274143,14.65227942
PNTUSDT,PNT / TetherUS,BINANCE,2.24424571,30.17052311,0.13678205,22726222.7,35739.16,2.327,2.3201,2.3201,0.04432143,1.91%,2.34065667,2.36535387,-0.06030584,-0.06030584,-1.71566551,-5.61793182,-0.06030584,4.44314396
XLMUSDT,Stellar / TetherUS,BINANCE,0.62239926,38.45796114,0.12957418,313297724.1,808714,0.626,0.62351,0.62228,0.01190643,1.91%,0.62613837,0.63760669,-0.36433947,-0.36433947,-1.58161413,-4.20066067,-0.36433947,2.22932547
TRBUSDT,TRB / TetherUS,BINANCE,105.2756536,30.26718974,0.15806244,387666.1699,913.17,105.173,104.663,104.491,1.95121429,1.86%,104.9087704,107.6562659,-0.50951055,-0.50951055,-2.56928218,-3.87660262,-0.50951055,23.35026577
RLCUSDT,iExec RLC / TetherUS,BINANCE,4.0160021,24.64166912,0.0784836,10338299.97,14569.84,4.0841,4.0824,4.0727,0.07584286,1.86%,4.08303259,4.20049213,0.21602514,0.21602514,-2.33259169,-5.93548387,0.21602514,40.98762026
ZECUSDT,Zcash / TetherUS,BINANCE,305.0263235,46.17401763,0.06808964,322001.9075,477.64778,308.3,307.14,306.73,5.65214286,1.84%,308.3601852,310.9447765,-0.31158715,-0.31158715,-1.94425821,-0.46342807,-0.31158715,13.78735696
WAVESUSDT,Waves / TetherUS,BINANCE,32.51135914,33.56610143,0.02870372,4983483.931,1174.932,32.556,32.51,32.48,0.59742857,1.84%,32.51391481,33.23864225,-0.12595619,-0.12595619,-2.07831325,-4.98319451,-0.12595619,97.8691759
ADAUSDT,Cardano / TetherUS,BINANCE,1.57125085,43.84548468,0.03966666,442781462.3,431997.72,1.6004,1.5933,1.5925,0.02917143,1.83%,1.59907074,1.61292523,-0.36893447,-0.36893447,-0.05018506,-3.38366382,-0.36893447,13.14357858
CVCUSDT,Civic / TetherUS,BINANCE,0.56521525,50.17410985,0.02855035,19324399.56,19488.7,0.59072,0.59009,0.58914,0.01060643,1.80%,0.59192881,0.59651498,-0.23870389,-0.10157612,-1.54545303,1.30830196,-0.10157612,-10.66111952
NULSUSDT,Nuls / TetherUS,BINANCE,1.12506369,73.3707798,0.52112083,5277979.331,110478.67,1.266,1.2533,1.2452,0.02235,1.78%,1.26470148,1.21812026,-0.93273259,-0.93273259,3.15226337,7.03732172,-0.93273259,-6.1250468
ICXUSDT,ICON / TetherUS,BINANCE,2.42605249,53.83326047,0.09568989,11110475.53,16157.95,2.5057,2.4921,2.4901,0.04394286,1.76%,2.52799333,2.49717771,-0.40716937,-0.51894136,-0.98140496,0.47925896,-0.51894136,-3.89170897
MATICUSDT,MATIC Network / TetherUS,BINANCE,0.74821775,47.03330366,0.00855134,567625356.5,38688.2,0.76711,0.76607,0.76593,0.01321786,1.73%,0.76646296,0.77370597,0.00260988,-0.03262345,-1.66613183,0.6318472,-0.03262345,76.71827621
DEGOUSDT,DEGO / TetherUS,BINANCE,14.56206073,32.93715509,0.12850571,2627610.244,2612.393,14.647,14.601,14.571,0.24642857,1.69%,14.66162222,14.86595027,-0.34819417,-0.31405749,-1.60442227,-4.34497674,-0.31405749,-2.00655475
XEMUSDT,NEM / TetherUS,BINANCE,0.37093654,38.17553337,0.12275382,161245398.1,433647.7,0.3735,0.3713,0.371,0.00622857,1.68%,0.37474,0.37787434,-0.53576212,-0.53576212,-2.00580628,-4.2547705,-0.53576212,-18.67338004
CTSIUSDT,CTSI / TetherUS,BINANCE,0.77741144,25.99720094,0.01436073,58322160.13,10909.1,0.78219,0.78081,0.77914,0.01302286,1.67%,0.77740119,0.80075307,-0.09468364,-0.09468364,-1.63271477,-3.78662789,-0.09468364,28.85078715
WINGUSDT,WING / TetherUS,BINANCE,43.65692808,42.13807433,0.00093127,128958.1912,1.126,44.11,44.11,44.11,0.734,1.66%,44.61004815,44.60388683,0.00226711,0.00226711,-2.5042548,-0.88308653,0.00226711,-20.4263963
ATOMUSDT,Cosmos / TetherUS,BINANCE,25.16348042,58.91922106,0.04440491,3197922.204,2992.339,26.585,26.53,26.503,0.43885714,1.65%,26.75468519,26.33703966,-0.13183171,-0.07156578,0.32541244,3.86813875,-0.07156578,4.19874313
KAVAUSDT,Kava / TetherUS,BINANCE,6.18851934,45.5050678,0.03055296,4673142.888,1756.43,6.2544,6.2392,6.2347,0.10292857,1.65%,6.30914963,6.29796191,-0.18717305,-0.18717305,-2.36146539,-0.28444047,-0.18717305,-5.02796702
AIONUSDT,Aion / TetherUS,BINANCE,0.34531014,66.18372893,0.03060114,21639269.01,13662.17,0.3724,0.3719,0.371,0.00612143,1.65%,0.37229222,0.36849308,0.18857759,0.18857759,-0.05374899,3.01939058,0.18857759,-8.88182041
MBLUSDT,MBL / TetherUS,BINANCE,0.01421473,32.67171134,0.01758322,549903741.8,225563,0.014329,0.014318,0.0143,0.00023564,1.65%,0.01432818,0.01449687,0.11887281,0.11887281,-1.37080664,-4.62901292,0.11887281,-24.98559229
EPSUSDT,EPS / TetherUS,BINANCE,2.24426243,29.57916645,0.09034552,20288451.23,14941.14,2.255,2.251,2.25,0.03685714,1.64%,2.25735185,2.29622768,0,0,-2.34273319,-5.02109705,0,-22.54733219
FTMUSDT,Fantom / TetherUS,BINANCE,0.72125901,37.73542382,0.05500449,302635703.3,79670.5,0.72499,0.72201,0.722,0.01181857,1.64%,0.72420137,0.73288443,-0.3436853,-0.3436853,-1.92879749,-1.29193667,-0.3436853,58.92703957
LTOUSDT,LTO / TetherUS,BINANCE,0.55417873,28.02629415,0.25893658,17561173.68,41934,0.54998,0.54941,0.54679,0.00889,1.62%,0.55146615,0.5638496,0.25729927,0.25729927,-3.21665757,-4.12027503,0.25729927,-20.10894896
ORNUSDT,ORN / TetherUS,BINANCE,14.44388648,38.77434748,0.06241332,949906.2229,344.425,14.55,14.476,14.46,0.23242857,1.61%,14.55785926,14.68748967,-0.54960154,-0.54960154,-0.8764722,-2.2156174,-0.54960154,-8.23571175
ARDRUSDT,Ardor / TetherUS,BINANCE,0.38946948,55.8351135,0.04951715,10197663.96,8548.9,0.40206,0.40093,0.40093,0.00640714,1.60%,0.40214619,0.40031219,-0.33063193,-0.33063193,0.45046172,-1.84831571,-0.33063193,-9.60906184
LITUSDT,LIT / TetherUS,BINANCE,8.37179216,34.35897609,0.1112425,2501336.935,3594.43,8.3588,8.3298,8.31,0.13275,1.59%,8.3729737,8.50196997,-0.22638255,-0.22638255,-3.02232985,-2.68811552,-0.22638255,-26.02849155
UNFIUSDT,UNFI / TetherUS,BINANCE,24.79918382,41.90108473,0.07212607,403389.4496,366.211,25.002,24.984,24.975,0.393,1.57%,25.15462593,25.3305099,-0.1079525,-0.1079525,-2.74815103,-0.17979144,-0.1079525,-17.71455672
ZILUSDT,Zilliqa / TetherUS,BINANCE,0.22150003,33.77588278,0.09748209,342759121.3,539590.9,0.22455,0.22383,0.22355,0.00351357,1.57%,0.22437263,0.22824683,-0.28955809,-0.28955809,-1.43989432,-4.16184971,-0.28955809,-5.28807541
THETAUSDT,Theta Token / TetherUS,BINANCE,10.6995633,55.75465522,0.12508804,12274067.1,34561.789,11.169,11.154,11.12,0.17414286,1.56%,11.27639259,11.16219884,-0.08062349,-0.08062349,-0.92378753,2.64078027,-0.08062349,-21.44382794
DIAUSDT,DIA / TetherUS,BINANCE,4.59085598,32.98205147,0.49998811,4588759.091,15909.812,4.6,4.598,4.575,0.07171429,1.56%,4.61240741,4.67366361,-0.10862481,-0.10862481,-1.85699039,-3.11841551,-0.10862481,-3.7881959
ZENUSDT,Horizen / TetherUS,BINANCE,123.330163,42.98177523,0.07167799,209896.8022,314.5423,123.62,123.3,123.14,1.92214286,1.56%,123.9533333,125.2634871,-0.17810881,-0.17810881,-1.94051217,-3.18781407,-0.17810881,-2.01330546
CRVUSDT,CRV / TetherUS,BINANCE,3.21244795,42.61707824,0.06448244,16878189.75,15299.221,3.225,3.218,3.21,0.05007143,1.56%,3.22918148,3.26128696,-0.12414649,-0.12414649,-1.59021407,-0.74028378,-0.12414649,-17.51918159
ALGOUSDT,Algorand / TetherUS,BINANCE,1.51128325,54.97371165,0.0756484,35441049.55,50595.26,1.5677,1.5623,1.561,0.02408571,1.54%,1.56705444,1.56065443,-0.2935733,-0.2935733,0.32106852,1.15902616,-0.2935733,3.95506514
CTXCUSDT,Cortex / TetherUS,BINANCE,0.37325451,39.50376482,0.5050813,10735682.96,46525.7,0.3747,0.3721,0.3721,0.00572857,1.54%,0.37222148,0.37646268,-0.66737854,-0.42815092,-0.95821134,-2.15619248,-0.42815092,-14.89021043
LINKUSDT,ChainLink / TetherUS,BINANCE,46.78650527,54.94464685,0.10147762,7993363.327,13943.685,48.307,48.045,48.038,0.73942857,1.54%,48.24233704,47.79073258,-0.49498799,-0.49498799,1.66317527,1.88955338,-0.49498799,14.53552485
TRUUSDT,TrueFi / TetherUS,BINANCE,0.40543108,30.33879614,0.05113313,17095085.35,7407.26,0.4065,0.4047,0.4047,0.00620714,1.53%,0.40597593,0.41291299,-0.41830709,-0.41830709,-2.12817412,-4.32624113,-0.41830709,-5.0891182
RAMPUSDT,RAMP / TetherUS,BINANCE,0.59807662,31.55960438,0.01080054,27126477.85,1906.93,0.5995,0.5995,0.5995,0.00919286,1.53%,0.59709444,0.60892216,0,0,-1.51141778,-4.46215139,0,-11.91595651
XRPUSDT,XRP / TetherUS,BINANCE,1.54534529,31.68790552,0.25208485,957981991.7,2798419.87,1.5539,1.5438,1.5422,0.02358571,1.53%,1.55441259,1.57468918,-0.43853992,-0.43853992,-2.28495474,-3.68105815,-0.43853992,-0.15826362
ONEUSDT,Harmony / TetherUS,BINANCE,0.12528139,41.159772,0.08496696,390338149.6,410397.2,0.12701,0.12639,0.12638,0.00193071,1.53%,0.12715844,0.12864338,-0.40189125,-0.40189125,-2.2883649,-0.87836248,-0.40189125,-10.08784358
TFUELUSDT,Theta Fuel / TetherUS,BINANCE,0.37812427,55.96408246,0.10307149,110853840.3,170320,0.398,0.39691,0.39691,0.00606071,1.53%,0.40110981,0.39617927,-0.14824121,-0.27386935,-1.86183365,3.87902867,-0.27386935,2.51823631
TKOUSDT,TKO / TetherUS,BINANCE,3.46745045,25.56658893,0.22242772,34245703.46,50670.49,3.475,3.458,3.4506,0.05272857,1.52%,3.46433333,3.55221409,-0.10111223,-0.10111223,-2.07017643,-5.65059616,-0.10111223,98.5297496
BANDUSDT,BAND / TetherUS,BINANCE,17.98044137,35.73134955,0.1032947,2480909.799,2327.674,17.949,17.915,17.872,0.2705,1.51%,17.97547037,18.24641165,-0.1226515,-0.1226515,-2.26937974,-2.19468254,-0.1226515,-14.24632835
KMDUSDT,Komodo / TetherUS,BINANCE,2.98261927,30.89688732,0.09038712,2955746.068,3855.66,2.9908,2.98,2.98,0.04499286,1.51%,2.99869333,3.04913813,-0.3611074,-0.3611074,-2.66845217,-4.91384812,-0.3611074,-11.87603501
WANUSDT,Wanchain / TetherUS,BINANCE,1.76303644,37.26341967,0.20780198,3124326.656,12150.95,1.7605,1.7525,1.7525,0.02644286,1.51%,1.76802778,1.79552229,-0.49963095,-0.49963095,-2.44377644,-3.97260274,-0.49963095,-17.38435502
HBARUSDT,Hedera Hashgraph / TetherUS,BINANCE,0.29218448,37.62359168,0.05712149,128131686.2,76246.8,0.29394,0.29271,0.2925,0.00435929,1.49%,0.29419363,0.29658936,-0.44554792,-0.44554792,-1.26825648,-1.83117014,-0.44554792,-16.17470052
BZRXUSDT,bZx Protocol / TetherUS,BINANCE,0.89162032,34.12732437,0.07731439,31427400.66,14208.88,0.8922,0.8901,0.8884,0.01325,1.49%,0.89185778,0.90083242,0,0,-1.4067346,-1.24264951,0,-2.0504386
SCUSDT,Siacoin / TetherUS,BINANCE,0.03977276,39.13558427,0.06111038,1625152936,1257357,0.039968,0.039842,0.039766,0.00059193,1.49%,0.04006358,0.04033422,-0.23038013,-0.23038013,-1.07265233,-3.36648072,-0.23038013,-6.51433671
DGBUSDT,DGB / TetherUS,BINANCE,0.13939637,40.80191083,0.01888079,290016134.4,41642.2,0.13989,0.13967,0.1395,0.00207357,1.48%,0.1396307,0.14063298,-0.04293996,-0.04293996,-0.34249019,-0.44194169,-0.04293996,24.58694293
CELRUSDT,Celer Network / TetherUS,BINANCE,0.05746693,41.05653196,0.02207411,343790992.2,83964.5,0.0578,0.05766,0.05758,0.00085,1.47%,0.05794059,0.05841129,-0.17313019,-0.17313019,-2.00543848,-0.55191445,-0.17313019,-15.58156547
KEYUSDT,Selfkey / TetherUS,BINANCE,0.0166482,40.23821238,0.00991056,869764989.3,88121,0.016701,0.0167,0.0167,0.00024543,1.47%,0.01678776,0.01681689,0,0,-0.77243018,-0.81957477,0,-16.94730045
WRXUSDT,WRX / TetherUS,BINANCE,2.24787925,45.24449644,0.0199281,15212797.91,5876.54,2.27,2.263,2.2619,0.03302143,1.46%,2.28779259,2.28513085,-0.17204111,-0.17204111,-2.45689655,-1.11426699,-0.17204111,-32.77487967
HIVEUSDT,HIVE / TetherUS,BINANCE,0.54094163,26.68301482,0.23459537,11730824.8,33993.59,0.5454,0.5434,0.5422,0.00785,1.44%,0.54455741,0.55440099,-0.31186938,-0.31186938,-1.45085238,-5.23194977,-0.31186938,-8.53535354
REPUSDT,Augur / TetherUS,BINANCE,45.77136688,56.49213239,0.00802794,117970.235,11.305,48.471,48.26,48.242,0.69571429,1.44%,48.2798,48.04670919,-0.54201101,-0.54201101,1.41425179,-0.54815975,-0.54201101,-8.09019578
COSUSDT,Contentos / TetherUS,BINANCE,0.03161433,38.42449191,0.07765388,279557805.8,304841.5,0.03188,0.03177,0.03161,0.00045714,1.44%,0.03197081,0.03198715,-0.34504391,-0.34504391,-0.84269663,-1.36603539,-0.34504391,-20
ANTUSDT,ANT / TetherUS,BINANCE,9.6125452,60.89941446,0.05064769,836873.369,811.5,10.0717,10.015,10.015,0.14349286,1.43%,10.09022333,9.92936848,-0.82587341,-0.82587341,0.96682159,2.17615312,-0.82587341,-2.28989797
FETUSDT,Fetch.AI / TetherUS,BINANCE,0.55600167,42.36402208,0.02416427,48453420.92,6702.3,0.55764,0.55716,0.55598,0.00797643,1.43%,0.55828181,0.56186501,-0.05569629,0.10240931,-0.65896387,-0.87179305,0.10240931,-8.03183672
MITHUSDT,Mithril / TetherUS,BINANCE,0.10816356,43.03491439,0.00649405,281677586.8,13605.9,0.10948,0.10943,0.10932,0.00156357,1.43%,0.11010089,0.11096247,-0.07305269,-0.07305269,-2.59035072,-0.31881946,-0.07305269,-23.07205624
OGNUSDT,Origin Protocol / TetherUS,BINANCE,1.55444392,35.82842491,0.27281869,16252342.92,60137.28,1.5557,1.5523,1.55,0.02215,1.43%,1.55357593,1.57575793,-0.0321999,-0.0321999,-1.79667236,-2.14335246,-0.0321999,-31.58335168
XMRUSDT,Monero / TetherUS,BINANCE,416.7556538,59.15096563,0.03372399,138867.3508,183.93238,440.65,440.34,439.27,6.25857143,1.42%,445.518,438.359287,-0.12480428,-0.07942091,-0.44333861,4.18747781,-0.07942091,29.22268538
LINAUSDT,LINA / TetherUS,BINANCE,0.10198516,40.54290093,0.03442084,497525053.9,130074.63,0.1027,0.1027,0.1026,0.00145714,1.42%,0.10304037,0.10361204,0.09746589,0.09746589,-1.72248804,-0.19436346,0.09746589,-17.40531829
CHRUSDT,CHR / TetherUS,BINANCE,0.33607563,36.20347859,0.07908684,161394862.2,78096.3,0.33661,0.33564,0.33564,0.00475714,1.42%,0.33653019,0.34156184,-0.24371396,-0.24371396,-1.73034695,-2.93811452,-0.24371396,-22.85314107
KNCUSDT,Kyber Network / TetherUS,BINANCE,3.45132646,59.07246194,0.05833445,4170742.784,5757.019,3.595,3.582,3.576,0.05042857,1.41%,3.60651852,3.57687452,-0.25062657,-0.25062657,0.1117943,0.73115861,-0.25062657,0.05586592
NKNUSDT,NKN / TetherUS,BINANCE,0.63799273,37.96620733,0.0380252,54228994.87,20461.5,0.63879,0.63651,0.63626,0.00895357,1.41%,0.64020693,0.64491863,-0.35380497,-0.35380497,-1.43547338,-1.0770235,-0.35380497,-17.2929319
DATAUSDT,Streamr DATAcoin / TetherUS,BINANCE,0.17367001,32.49835553,0.05235632,39167053.51,15798.1,0.17358,0.17317,0.17314,0.00243214,1.40%,0.17378244,0.1762061,-0.24769585,-0.24769585,-1.97554625,-2.71348315,-0.24769585,-11.46115686
STPTUSDT,STPT / TetherUS,BINANCE,0.07469408,24.32654573,0.00515221,105281400.2,7345.9,0.07544,0.07528,0.07528,0.00105214,1.40%,0.07543285,0.07650335,-0.23853697,-0.23853697,-1.40144073,-4.7932212,-0.23853697,-3.3307712
STRAXUSDT,STRAX / TetherUS,BINANCE,2.88066589,44.72474799,0.00952151,6120810.45,614.42,2.9231,2.9218,2.9045,0.04057857,1.39%,2.90935815,2.93075238,0.22639956,0.22639956,0.74467352,-1.42707736,0.22639956,16.64537761
KSMUSDT,KSM / TetherUS,BINANCE,441.9346929,54.19332533,0.02872496,70927.00493,39.8343,449.57,448.13,448.01,6.16214286,1.38%,449.2382593,449.9703319,-0.34690565,-0.34690565,-0.99856401,0.30665234,-0.34690565,0.35629587
SXPUSDT,SXP / TetherUS,BINANCE,4.74671087,37.07806417,0.07022453,70127489.71,42174.976,4.756,4.75,4.748,0.065,1.37%,4.76435556,4.81651554,-0.0210482,-0.0210482,-1.41108114,-2.96160131,-0.0210482,-2.47798485
BARUSDT,BAR / TetherUS,BINANCE,35.95140559,44.01261958,0.16932076,166031.3703,159.775,36.096,36.02,36.02,0.49278571,1.37%,36.18576667,36.27475839,-0.21054965,-0.21054965,-0.15246015,-1.72700734,-0.21054965,
SNXUSDT,SNX / TetherUS,BINANCE,17.97637925,47.91804877,0.01886672,1144208.663,537.254,18.302,18.289,18.274,0.25007143,1.37%,18.32205556,18.51101069,-0.01640061,-0.01640061,-1.40700809,-0.74890107,-0.01640061,-12.17687401
ARPAUSDT,ARPA Chain / TetherUS,BINANCE,0.10665158,33.69623126,0.11233385,138895555.9,108612.9,0.1073,0.10703,0.10703,0.00146286,1.37%,0.10721619,0.10879098,-0.13995148,-0.13995148,-1.45474634,-3.94866732,-0.13995148,-5.16614976
CHZUSDT,Chiliz / TetherUS,BINANCE,0.49872877,44.08154482,0.03657807,566919615.8,228765.4,0.50511,0.50426,0.504,0.00685929,1.36%,0.50476741,0.50902536,-0.07926128,-0.07926128,-1.35566032,-0.01784475,-0.07926128,-34.55454545
FIOUSDT,FIO / TetherUS,BINANCE,0.32650402,48.51153279,1.07693326,24912696.41,193849.7,0.3314,0.3314,0.3312,0.00449286,1.36%,0.33184815,0.33147073,0.06038647,0.06038647,0.36341611,0.97501523,0.06038647,-18.65488463
AXSUSDT,AXS / TetherUS,BINANCE,7.63783523,28.88217054,0.1323868,2590895.287,2708.89,7.6577,7.6265,7.6265,0.10333571,1.35%,7.6259037,7.7696381,-0.37887696,-0.36189282,-1.53637596,-3.33231931,-0.36189282,2.88091913
DOTUSDT,DOT / TetherUS,BINANCE,40.96652107,49.38830289,0.16682804,10226776.81,27063.573,41.651,41.449,41.443,0.55964286,1.35%,41.39098148,41.45904791,-0.39889463,-0.39889463,0.75599203,-0.33423103,-0.39889463,0.08504511
COTIUSDT,COTI / TetherUS,BINANCE,0.33997117,36.11656872,0.07125493,85367974.94,39909.8,0.33966,0.33826,0.33801,0.00452,1.34%,0.34031789,0.34352513,-0.47663881,-0.47663881,-1.91097579,-1.89675174,-0.47663881,-5.16903616
DREPUSDT,DREP / TetherUS,BINANCE,1.39904078,37.54421622,0.06709354,3373117.173,2273.936,1.402,1.4,1.4,0.01864286,1.33%,1.39821481,1.4173831,0,0,-1.33897111,-1.26939351,0,-28.42535787
DODOUSDT,DODO / TetherUS,BINANCE,3.69466649,36.69024294,0.25271584,9793586.444,21716.283,3.705,3.694,3.691,0.049,1.33%,3.70122963,3.73771579,-0.2699784,-0.2699784,-1.28376571,-1.44076841,-0.2699784,-21.33418585
RVNUSDT,Ravencoin / TetherUS,BINANCE,0.17546342,31.387075,0.08528951,236546847.3,228848.2,0.17492,0.17419,0.17411,0.002305,1.32%,0.17523737,0.17798911,-0.25737817,-0.37176847,-2.3954777,-4.06983148,-0.37176847,-13.62127891
LRCUSDT,Loopring / TetherUS,BINANCE,0.56556745,60.97970006,0.10505088,24394106.88,61175,0.59705,0.59386,0.59386,0.00779714,1.31%,0.59794111,0.59110695,-0.53262763,-0.53262763,0.16867389,2.6604664,-0.53262763,-7.22269052
GRTUSDT,GRT / TetherUS,BINANCE,1.58353907,40.54969145,0.13998713,31489694.72,68198.5,1.583,1.5807,1.5797,0.02070714,1.31%,1.58539481,1.60456191,-0.0948047,-0.0948047,-1.92951979,-1.54469013,-0.0948047,-20.51591492
SKLUSDT,SKL / TetherUS,BINANCE,0.6072047,31.69065179,0.1262281,38648664.54,38438.9,0.60561,0.60388,0.60381,0.00788,1.30%,0.60808174,0.61560008,-0.21316324,-0.21316324,-2.55562188,-3.3792,-0.21316324,-14.49866225
CAKEUSDT,CAKE / TetherUS,BINANCE,35.01430157,28.703212,0.14157316,6305242.267,9932.272,34.998,34.929,34.8,0.45564286,1.30%,34.98578889,35.63127542,0.29287622,0.29287622,-2.59620747,-4.8852218,0.29287622,55.18330664
WNXMUSDT,WNXM / TetherUS,BINANCE,96.53653685,38.93910353,1.24240144,72660.0709,815.726,98.302,98.04,98.039,1.27885714,1.30%,97.83064444,99.19078804,0.31412113,0.31412113,-0.46599458,-4.80906469,0.31412113,44.29773501
SRMUSDT,SRM / TetherUS,BINANCE,9.82436424,20.9523948,0.08930567,7537224.308,6346.77,9.8098,9.7783,9.7703,0.12754286,1.30%,9.82315852,10.02618587,-0.2315594,-0.2529812,-2.41459132,-5.30392518,-0.2529812,47.16587336
VITEUSDT,VITE / TetherUS,BINANCE,0.16937625,36.79864992,0.02865045,103035636.9,21986.7,0.17185,0.17144,0.17144,0.00222786,1.30%,0.17217,0.17332931,-0.12816032,-0.12816032,-0.80425852,-2.59090909,-0.12816032,-16.56920078
FUNUSDT,FunFair / TetherUS,BINANCE,0.04204886,39.73929576,0.01075762,815801879.7,87787,0.042684,0.042646,0.042646,0.0005535,1.30%,0.04251533,0.04335855,-0.09136699,-0.09136699,-0.81864273,-4.02610555,-0.09136699,3.10928433
TROYUSDT,TROY / TetherUS,BINANCE,0.02255319,47.54678719,0.02944328,258874880.8,77582,0.022873,0.022787,0.022787,0.00029329,1.29%,0.0229815,0.02283545,-0.26261654,-0.26261654,-0.68860318,-0.92177921,-0.26261654,-23.02261318
SFPUSDT,SFP / TetherUS,BINANCE,2.54009007,30.59631482,0.09253845,11580511.96,8854.72,2.5381,2.5249,2.5248,0.03233571,1.28%,2.54105259,2.57304655,-0.46517129,-0.46517129,-1.98750049,-2.99293069,-0.46517129,-17.21466858
UMAUSDT,UMA / TetherUS,BINANCE,24.71477125,37.77205639,0.12635087,266109.3343,454.314,24.772,24.727,24.664,0.31292857,1.27%,24.74815926,25.04482115,-0.17359709,-0.17359709,-1.02865834,-2.36130306,-0.17359709,-14.69868725
SANDUSDT,SAND / TetherUS,BINANCE,0.54289614,31.2526662,0.06809883,48696363.69,30079.8,0.54235,0.5409,0.54065,0.00683143,1.26%,0.54178559,0.54952987,-0.1495265,-0.1495265,-1.27800769,-3.74759769,-0.1495265,-22.96523398
NANOUSDT,Nano / TetherUS,BINANCE,9.59113597,47.9400146,0.09949224,4720036.204,1947.85,9.72,9.6906,9.6459,0.12148571,1.25%,9.69147963,9.7243357,-0.50922979,-0.50922979,0.11053833,-2.88228338,-0.50922979,56.70047878
CKBUSDT,CKB / TetherUS,BINANCE,0.02436639,42.8780727,0.04103493,505474852.8,305623,0.02461,0.024521,0.0245,0.00030707,1.25%,0.02465801,0.02482728,-0.2603531,-0.24814905,-1.91622995,-1.43913813,-0.24814905,-12.15621759
BEAMUSDT,Beam / TetherUS,BINANCE,1.45842409,55.5637858,0.16522784,6725771.305,10783.06,1.512,1.505,1.5035,0.01871429,1.24%,1.52240481,1.49706472,0.03323363,0.03323363,-0.79103494,1.57937365,0.03323363,-4.01506447
YFIUSDT,YFI / TetherUS,BINANCE,50346.93393,27.49608409,0.04381076,651.2245701,0.919769,50870.09,50838.3,50796.47,631.015,1.24%,50834.15144,51575.382,-0.13169104,-0.04555511,-1.25261427,-3.07859957,-0.04555511,-4.22755515
ANKRUSDT,Ankr / TetherUS,BINANCE,0.15758262,42.74334583,0.1069453,208572033.7,277883.1,0.15946,0.15881,0.15879,0.00196357,1.24%,0.15921241,0.16052792,-0.33262207,-0.33262207,-1.64127338,-0.1885488,-0.33262207,-13.60427005
PONDUSDT,POND / TetherUS,BINANCE,0.16490716,38.65422529,0.29999631,82268980.55,152275,0.1658,0.165,0.1647,0.00202857,1.23%,0.16687481,0.16704818,-0.48250905,-0.48250905,-1.31578947,-1.61001789,-0.48250905,-18.03278689
STMXUSDT,STMX / TetherUS,BINANCE,0.04861008,32.05122619,0.10029839,531745519.8,552329,0.048578,0.048403,0.048402,0.0005925,1.22%,0.04863861,0.04923601,-0.18971028,-0.18971028,-1.9169588,-3.68712194,-0.18971028,-21.91343596
COMPUSDT,COMP / TetherUS,BINANCE,716.9483352,32.22488661,0.14461915,66219.92685,149.98206,717.75,714.88,713.61,8.71857143,1.22%,719.0446667,727.0983984,-0.50714037,-0.39986068,-1.66618471,-3.49370916,-0.39986068,26.68830248
MKRUSDT,MKR / TetherUS,BINANCE,4966.801333,38.48452114,0.07018026,11070.13104,3.9808,4980.57,4971.03,4964.71,60.51357143,1.22%,4987.889333,5038.188844,-0.08080483,-0.07879476,-1.78512155,-1.66054398,-0.07879476,47.50208395
HNTUSDT,HNT / TetherUS,BINANCE,17.24642068,42.16008991,0.04934978,678381.1143,281.365,17.416,17.356,17.356,0.21114286,1.22%,17.5664037,17.50690081,-0.3387495,-0.35023253,-2.59805847,-0.21844102,-0.35023253,17.24231159
TWTUSDT,TWT / TetherUS,BINANCE,0.9154039,32.97503405,0.03631375,55527367.76,6124.64,0.9142,0.9142,0.9142,0.01109286,1.21%,0.91143926,0.92777849,0,0,-1.27429806,-3.15677966,0,19.34725849
MFTUSDT,Mainframe / TetherUS,BINANCE,0.01597659,22.20867337,0.16665573,843612863.3,1365009,0.016027,0.01593,0.015921,0.00019164,1.20%,0.01600917,0.01635874,-0.4623844,-0.4623844,-2.46142542,-6.76031607,-0.4623844,-21.30726698
TOMOUSDT,TomoChain / TetherUS,BINANCE,2.77143405,34.90491395,0.14113999,5886598.772,6234.23,2.7647,2.754,2.749,0.03305,1.20%,2.77130111,2.79857831,-0.50937466,-0.50937466,-2.05213928,-2.93931064,-0.50937466,-12.15587561
BELUSDT,BEL / TetherUS,BINANCE,4.26415476,34.65488035,0.31973009,3135103.563,8263.34,4.2709,4.2448,4.2424,0.05059286,1.19%,4.28176852,4.32040801,-0.64600693,-0.64600693,-2.11460856,-2.52682748,-0.64600693,-5.96420592
STORJUSDT,Storj / TetherUS,BINANCE,1.8499949,32.71829466,0.0113462,10258658.36,1483.15,1.8502,1.8457,1.8457,0.02197143,1.19%,1.84648111,1.87454586,-0.1298631,-0.1298631,-1.59940289,-2.99064438,-0.1298631,-21.15909867
BADGERUSDT,BADGER / TetherUS,BINANCE,31.42126855,40.01884421,0.0356012,185191.3647,29.237,31.656,31.593,31.593,0.37392857,1.18%,31.81567037,31.81596416,-0.1990144,-0.1990144,-0.56651874,-0.84115376,-0.1990144,-37.43836512
BTCSTUSDT,BTCST / TetherUS,BINANCE,69.26354288,31.06608122,0.28866537,218670.0274,599.519,69.575,69.205,69.192,0.81178571,1.17%,69.56878519,70.63614807,-0.74436349,-0.74436349,-1.68766781,-4.27680263,-0.74436349,-7.52890096
NEARUSDT,NEAR / TetherUS,BINANCE,5.13851907,48.10262385,0.02163913,5580068.391,2173.23,5.2734,5.2623,5.2575,0.06151429,1.17%,5.28416852,5.29833705,-0.18963098,-0.21049039,-1.41045573,1.09286469,-0.21049039,-11.32549205
REEFUSDT,REEF / TetherUS,BINANCE,0.03835845,33.15791113,0.0499044,1641480712,857851,0.038146,0.038092,0.038077,0.00044279,1.16%,0.03832715,0.03875627,-0.14156137,-0.14156137,-2.35073957,-2.45326504,-0.14156137,-4.88054778
PUNDIXUSDT,PUNDIX / TetherUS,BINANCE,2.87144504,31.9602699,0.0089501,5283248.992,684.561,2.89,2.886,2.886,0.03342857,1.16%,2.88891852,2.91731158,-0.1384083,-0.1384083,-0.61983471,-3.57500835,-0.1384083,-24.74576271
BALUSDT,BAL / TetherUS,BINANCE,65.5089592,36.42300315,0.08002325,219161.5588,100.439,65.437,65.357,65.236,0.75335714,1.15%,65.53183333,66.21627309,-0.15277205,-0.15277205,-1.65658572,-1.79400496,-0.15277205,3.25876177
GTOUSDT,Gifto / TetherUS,BINANCE,0.07845462,46.53293964,0.14096735,150785856.8,114869.9,0.07929,0.07895,0.0789,0.00091,1.15%,0.07959411,0.07935902,-0.40368361,-0.40368361,-0.91604969,-0.31565657,-0.40368361,-16.85973041
IRISUSDT,IRIS / TetherUS,BINANCE,0.17503033,34.71940613,0.06224832,126323312,27915.6,0.17619,0.17585,0.17555,0.00202643,1.15%,0.176217,0.17790814,-0.09673381,0.06259247,-1.75977654,-2.52217295,0.06259247,-17.00901922
RENUSDT,Ren / TetherUS,BINANCE,0.95952123,46.1188574,0.0222671,23388386,4165.8,0.9692,0.96792,0.96773,0.01113786,1.15%,0.97159696,0.97404934,-0.12588481,-0.12588481,-0.90706198,-0.26584235,-0.12588481,-16.03865991
ALPHAUSDT,ALPHA / TetherUS,BINANCE,1.91651745,40.37876383,0.10342431,23315734.86,9178.83,1.9229,1.9153,1.9152,0.02175,1.14%,1.92660037,1.93311826,-0.32266458,-0.32266458,-1.32405976,-0.70506506,-0.32266458,17.89920359
COCOSUSDT,Cocos-BCX / TetherUS,BINANCE,1.09851086,30.85236494,0.34535808,8291102.081,14300.62,1.1088,1.1045,1.1045,0.01242143,1.12%,1.10474778,1.11748313,-0.27988443,-0.27988443,-0.45962509,-2.10936808,-0.27988443,-7.31563917
DNTUSDT,district0x / TetherUS,BINANCE,0.30487382,44.48806033,0.01421415,32121752.11,3458.3,0.30728,0.30728,0.307,0.00343214,1.12%,0.3084747,0.30890885,0.00325447,0.00325447,-1.46860771,0.49054876,0.00325447,-7.28660652
CELOUSDT,CELO / TetherUS,BINANCE,5.31345049,53.18933554,0.00756937,2112901.072,167.88,5.4315,5.4255,5.4193,0.06015,1.11%,5.45479259,5.40288918,-0.11046672,-0.11046672,1.6011236,0.08485676,-0.11046672,24.41887174
BLZUSDT,Bluzelle / TetherUS,BINANCE,0.38013261,34.58704599,0.08065393,31396788.26,17044.6,0.37965,0.37862,0.37788,0.004195,1.11%,0.38071259,0.38399469,-0.20558777,-0.20558777,-1.83307838,-1.79233782,-0.20558777,-25.34386947
ROSEUSDT,ROSE / TetherUS,BINANCE,0.15537723,49.11300002,0.38331129,65306836.98,227697.1,0.15862,0.15818,0.15634,0.00174357,1.10%,0.15717574,0.15741251,1.15751103,1.15751103,0.58501844,-0.10735712,1.15751103,-15.63582121
MDTUSDT,MDT / TetherUS,BINANCE,0.06711738,42.04143017,0.00717911,97577509.43,3743.5,0.06739,0.06739,0.06739,0.00074143,1.10%,0.06769181,0.06783502,-0.08895478,-0.08895478,-0.428487,-1.40453548,-0.08895478,-20.65744354
RSRUSDT,RSR / TetherUS,BINANCE,0.08003247,39.50410981,0.02819258,382761474.6,106874.9,0.08012,0.08,0.07985,0.00088,1.10%,0.08041433,0.080843,-0.06246096,-0.06246096,-1.62321692,-0.81824944,-0.06246096,-28.02197802
ENJUSDT,Enjin Coin / TetherUS,BINANCE,2.45489029,49.66771319,0.07320293,28433802.53,23379.48,2.4913,2.4804,2.4781,0.02715714,1.09%,2.50511259,2.48809116,-0.41353836,-0.41353836,-0.50541516,0.13738484,-0.41353836,-17.49091526
YFIIUSDT,YFII / TetherUS,BINANCE,2674.139973,40.55364043,0.09187315,2903.720163,3.573446,2677.61,2671.18,2669.57,29.14928571,1.09%,2679.92137,2692.310173,-0.22523448,-0.22523448,-0.97314852,-1.17136049,-0.22523448,-11.99100016
RUNEUSDT,RUNE / TetherUS,BINANCE,17.14992721,35.63131238,0.40868903,3918057.687,7854.879,17.134,17.099,17.065,0.18607143,1.09%,17.16345556,17.34537175,-0.20427221,-0.20427221,-1.54882543,-2.16284259,-0.20427221,17.07119907
DCRUSDT,Decred / TetherUS,BINANCE,193.9347937,49.47040491,0.02380585,16184.14018,5.3871,196.17,195.93,195.93,2.12642857,1.09%,196.7691482,196.7608054,-0.4875819,-0.4875819,0.01020877,0.24558711,-0.4875819,-20.32800615
TCTUSDT,TCT / TetherUS,BINANCE,0.07045764,33.52149748,0.07675979,221505029.3,49057,0.070518,0.07045,0.07045,0.0007595,1.08%,0.07050638,0.07155823,-0.09359578,-0.09359578,-1.14084448,-3.93138151,-0.09359578,14.98661618
MTLUSDT,Metal / TetherUS,BINANCE,3.68793273,31.70755804,0.06061106,4226417.859,2220.11,3.7013,3.69,3.6881,0.03972143,1.08%,3.68664704,3.74058893,-0.08126558,-0.04334164,-1.37645329,-3.79601627,-0.04334164,-13.48938563
NBSUSDT,NBS / TetherUS,BINANCE,0.03291019,37.19684409,0.04177275,104153683.8,51281.8,0.03312,0.03312,0.0331,0.00035286,1.07%,0.03314963,0.03325384,0.09066183,0.09066183,-0.51066386,-0.71942446,0.09066183,-17.07561342
OCEANUSDT,OCEAN / TetherUS,BINANCE,1.34831734,35.01299344,0.07297426,14086338.27,10372.88,1.3449,1.3421,1.34,0.01397857,1.04%,1.35040815,1.36268933,-0.14136905,-0.14136905,-2.12936629,-2.28613032,-0.14136905,-20.51691507
AKROUSDT,AKRO / TetherUS,BINANCE,0.05016161,33.85297101,0.18184472,277486628.9,204452,0.050019,0.049936,0.049921,0.00051936,1.04%,0.05010566,0.05056641,-0.30147543,-0.30147543,-1.63107714,-2.04786191,-0.30147543,-25.22495591
AUTOUSDT,AUTO / TetherUS,BINANCE,3117.087328,36.0234769,0.02809175,4329.295258,0.374031,3124.13,3120,3120,32.38071429,1.04%,3131.662,3148.616652,-0.17884623,-0.17884623,-0.79491256,-2.17749142,-0.17884623,-10.40635885
AAVEUSDT,AAVE / TetherUS,BINANCE,445.4516697,35.24012305,0.22159057,256081.8212,346.7096,445.63,444.54,444.2,4.57642857,1.03%,445.0549259,449.466469,-0.26250252,-0.26250252,-0.84093596,-1.85238337,-0.26250252,0.9791644
IOTXUSDT,IoTeX / TetherUS,BINANCE,0.05166073,36.04615619,0.28305724,785260968.6,821334,0.051652,0.051548,0.0515,0.00052871,1.03%,0.05177144,0.05213151,-0.37493719,-0.37493719,-1.30198361,-2.18595825,-0.37493719,4.9590648
OXTUSDT,OXT / TetherUS,BINANCE,0.6604059,40.60290011,0.27649777,11863171.77,57977.85,0.6676,0.6651,0.6633,0.00669286,1.01%,0.66713704,0.6679785,-0.3296868,-0.3296868,-0.40431267,-0.37447573,-0.3296868,-21.15407355
AUDIOUSDT,AUDIO / TetherUS,BINANCE,2.24038798,25.02409245,0.30204147,10829775.11,23607.1,2.265,2.2541,2.2539,0.02263571,1.00%,2.25486296,2.29005919,-0.43288131,-0.43288131,-0.90125736,-3.87633262,-0.43288131,-8.94117932
ATMUSDT,ATM / TetherUS,BINANCE,9.37252175,49.75200434,0.01745317,222919.2114,27.873,9.484,9.477,9.477,0.09464286,1.00%,9.43267778,9.47472755,-0.07380852,-0.07380852,0.64783347,0.37068418,-0.07380852,-9.25890463
AVAUSDT,AVA / TetherUS,BINANCE,5.06851991,34.23960444,0.07966426,1173960.142,620.46,5.0626,5.0481,5.0481,0.05029286,1.00%,5.05601667,5.10375447,-0.29232258,-0.29232258,-1.60608128,-1.74205855,-0.29232258,-14.15181002
UNIUSDT,UNI / TetherUS,BINANCE,39.27886093,28.46919035,0.08240971,4776979.604,5365.189,39.464,39.389,39.38,0.38321429,0.97%,39.46261111,39.7988265,-0.12931034,-0.12931034,-1.04260878,-2.07100592,-0.12931034,9.0549841
JUVUSDT,JUV / TetherUS,BINANCE,17.17553728,28.43284596,0.00215615,334809.4896,5.522,17.187,17.187,17.187,0.16435714,0.96%,17.10832593,17.40434407,-0.23798468,-0.23798468,-0.21481654,-2.82693504,-0.23798468,6.0877074
EGLDUSDT,EGLD / TetherUS,BINANCE,190.6575951,36.60257654,0.22483493,172055.8441,320.1787,190.13,189.9,189.6,1.81,0.95%,190.7074815,192.1065113,-0.0789266,-0.0789266,-1.83509951,-2.19406675,-0.0789266,-9.76293411
DUSKUSDT,Dusk Network / TetherUS,BINANCE,0.26090191,35.31794226,0.08374914,15228544.98,5628.65,0.2608,0.2608,0.2602,0.00247143,0.95%,0.2612837,0.2633469,0,0,-1.06221548,-1.43830431,0,-29.19036014
FORTHUSDT,FORTH / TetherUS,BINANCE,34.68195422,51.91239655,0.01216711,450476.7794,60.569,35.574,35.56,35.539,0.33535714,0.94%,35.26368148,35.20221471,0.05909001,0.05909001,2.56114444,0.33293832,0.05909001,
BNTUSDT,Bancor / TetherUS,BINANCE,7.48973548,47.2310988,0.04640575,791800.001,547.07,7.5416,7.5284,7.5284,0.07086429,0.94%,7.52870296,7.53714679,-0.08759124,-0.08759124,0.38402048,-0.29401637,-0.08759124,-3.14928215
CFXUSDT,CFX / TetherUS,BINANCE,0.84765341,38.96606751,0.04152409,7113921.501,2743.882,0.855,0.854,0.853,0.008,0.94%,0.85161852,0.86028152,-0.35005834,-0.35005834,0,-2.51141553,-0.35005834,-20.55813953
STXUSDT,Blockstack / TetherUS,BINANCE,1.90746146,21.90389678,0.03690558,4048358.684,2727.92,1.9238,1.9209,1.9198,0.01767143,0.92%,1.91524815,1.94674517,-0.0104107,-0.0104107,-0.5899705,-4.93888257,-0.0104107,-18.91173118
PSGUSDT,PSG / TetherUS,BINANCE,31.97097379,38.46299202,0.08802902,810174.6518,269.424,32.211,32.209,32.094,0.29442857,0.91%,32.23001481,32.42435365,-0.05275244,-0.05275244,-1.08408574,-1.68192918,-0.05275244,8.57075424
PERLUSDT,Perlin / TetherUS,BINANCE,0.1402165,33.62632581,0.01890808,40129633.08,4421.3,0.14072,0.14039,0.14039,0.00127714,0.91%,0.1409167,0.14203785,-0.26994388,-0.26994388,-1.05018325,-2.89804952,-0.26994388,-28.38258562
RIFUSDT,RIF / TetherUS,BINANCE,0.32343011,40.02677503,0.00088719,25391067.26,63.43,0.3243,0.3243,0.3243,0.00292143,0.90%,0.32503593,0.326792,-0.21538462,-0.21538462,-0.64338235,-1.93528878,-0.21538462,-9.15966387
INJUSDT,INJ / TetherUS,BINANCE,17.60724257,30.56607023,0.13306044,1172700.506,885.003,17.591,17.567,17.527,0.15571429,0.89%,17.57917778,17.77234993,0.01138628,0.01138628,-1.51922861,-1.79998882,0.01138628,27.376481
ACMUSDT,ACM / TetherUS,BINANCE,10.06590772,55.00469289,0.05084321,184515.3715,80.968,10.26,10.26,10.259,0.09078571,0.88%,10.26687778,10.20224246,0.00974754,0.00974754,0.45036225,0.0487567,0.00974754,-11.55934833
DOCKUSDT,DOCK / TetherUS,BINANCE,0.11791069,43.6538332,0.16333866,58563547.6,63292,0.11842,0.118108,0.118108,0.00099814,0.85%,0.11809135,0.11876394,-0.34846145,-0.34846145,-0.0685343,-1.41482267,-0.34846145,3.27104847
ETHUSDT,Ethereum / TetherUS,BINANCE,3432.867014,36.46112134,0.09783129,917345.0977,980.61826,3434.28,3432.21,3427.46,28.62928571,0.83%,3435.861,3464.746076,0.04080669,0.04080669,-0.81235261,-1.64826505,0.04080669,41.90252903
OMUSDT,OM / TetherUS,BINANCE,0.34116854,34.10985812,0.00721983,16301274.47,424.19,0.341,0.3408,0.3408,0.00281429,0.83%,0.34176815,0.34454669,-0.11723329,-0.11723329,-1.2173913,-2.12521539,-0.11723329,-20.28070175
OGUSDT,OG / TetherUS,BINANCE,8.65158975,32.76520361,0.13098932,240742.9677,165.541,8.691,8.676,8.676,0.07114286,0.82%,8.67861481,8.75818162,-0.19533494,-0.31023785,-0.66331199,-2.51685393,-0.31023785,-27.68281498
BNBUSDT,Binance Coin / TetherUS,BINANCE,620.3269651,33.16930765,0.15871589,2586332.08,3796.3513,620.7,620.42,620,5.06857143,0.82%,621.5162222,625.8156267,0.06774194,0.06774194,-0.86603605,-2.14041231,0.06774194,22.15451381
FILUSDT,FIL / TetherUS,BINANCE,150.4089689,35.75436737,0.094351,1016539.151,1097.3776,151.01,150.67,150.64,1.11,0.74%,150.9303333,151.7732813,-0.21852857,-0.22515065,-0.48870691,-1.8946546,-0.22515065,-17.50390303
SOLUSDT,SOL / TetherUS,BINANCE,42.70136277,30.77877382,0.10279032,3973362.437,1984.991,42.708,42.611,42.61,0.29735714,0.70%,42.6797037,43.0475537,-0.23647304,-0.23413172,-0.98754531,-2.03696892,-0.23413172,68.58764565
ASRUSDT,ASR / TetherUS,BINANCE,8.89430764,52.19999462,0.0010013,212005.9619,1.221,9.003,9.003,9.003,0.06242857,0.69%,9.00317037,8.98274986,0.35670494,0.35670494,-0.07769145,0.07781236,0.35670494,-13.57396563
NMRUSDT,NMR / TetherUS,BINANCE,68.48912742,37.7031342,0.1204983,55019.4769,38.129,68.45,68.37,68.37,0.47135714,0.69%,68.48111852,68.76620562,-0.15625685,-0.15625685,-0.70726288,-0.57586598,-0.15625685,-7.87080082
FTTUSDT,FTX Token / TetherUS,BINANCE,57.07097015,35.43279851,0.8874828,468302.87,3734.337,57.185,57.099,57.099,0.38414286,0.67%,57.1791,57.53439194,-0.09623123,-0.09623123,-0.65592595,-1.5432631,-0.09623123,7.52979721
MIRUSDT,MIR / TetherUS,BINANCE,10.05061857,20.67744637,0.06451987,1651929.305,1595.04,10.1,10.1,10.079,0.05878571,0.58%,10.07980741,10.21232828,0.11895321,0.11895321,-0.69806312,-2.41545894,0.11895321,
HARDUSDT,HARD / TetherUS,BINANCE,1.56308716,43.43141935,0.18467262,7887914.383,14263.54,1.5701,1.5695,1.5688,0.00703571,0.45%,1.56812259,1.57509097,-0.03821413,-0.03821413,-0.41875516,-0.80267981,-0.03821413,-24.25924139
PERPUSDT,PERP / TetherUS,BINANCE,8.05001997,28.02675898,0.00356271,815430.1347,17.69,8.086,8.083,8.083,0.03435714,0.43%,8.07933333,8.11132477,-0.0494621,-0.0494621,-0.23451,-0.45566502,-0.0494621,7.6584976
LUNAUSDT,Luna / TetherUS,BINANCE,16.72424069,63.76398867,0.14552788,7090608.453,8829.961,16.927,16.905,16.904,0.0605,0.36%,16.92738889,16.85284908,-0.09455706,-0.09455706,0.26095724,0.76895565,-0.09455706,7.51178481
BUSDTRY,BUSD / Turkish Lira,BINANCE,8.20077501,52.18750746,0.01862385,19716322.74,5836.76,8.26,8.26,8.25,0.02642857,0.32%,8.245,8.24130925,0.12121212,0.12121212,0.6090134,-0.24154589,0.12121212,1.97775031
PAXGUSDT,PAX Gold / TetherUS,BINANCE,1829.032599,48.53487473,0.00165671,2856.783256,0.07001,1832.33,1832.33,1831.56,4.55428571,0.25%,1830.034259,1833.760434,0.04204066,0.04204066,0.00654947,-0.18847472,0.04204066,2.50166423
SUSDUSDT,SUSD / TetherUS,BINANCE,1.01972196,61.71376145,0.60736243,501180.47,10050.54,1.0303,1.0289,1.0289,0.00250714,0.24%,1.03111,1.0280406,-0.13588275,-0.13588275,-0.10679612,0.50796132,-0.13588275,1.33963751
AUDUSDT,AUD / TetherUS,BINANCE,0.77129615,53.36171207,0.15536974,32370697.68,73529,0.77388,0.77383,0.77381,0.00078929,0.10%,0.77414107,0.77399303,-0.00258448,-0.00258448,-0.10327511,0.00516936,-0.00258448,1.15136308
TUSDUSDT,TrueUSD / TetherUS,BINANCE,0.99898131,52.04376096,0.26496964,18726244.43,212832.16,0.9995,0.9994,0.9994,0.00055714,0.06%,0.99959148,0.99944368,0,-0.010005,-0.020008,0.02001601,-0.010005,0.08010414
EURUSDT,Euro / TetherUS,BINANCE,1.20226334,62.86249009,0.03531006,142797545.1,46933.61,1.2052,1.2051,1.205,0.00053571,0.04%,1.20522926,1.20484657,-0.00829807,0,0.00829944,0.03320329,0,0.88754919
GBPUSDT,GBP / TetherUS,BINANCE,1.38187957,67.59490141,0.01178161,63097134.08,8785.95,1.3869,1.3866,1.3866,0.0006,0.04%,1.38714481,1.38591769,0,0,0,0.18786127,0,0.88766007
USDCUSDT,USD Coin / TetherUS,BINANCE,0.9989783,58.2166084,0.03345243,145734494.1,72199.54,0.9997,0.9996,0.9996,0.00026429,0.03%,0.9996563,0.99950182,0,0,-0.010003,0.05004504,0,0.09011715
PAXUSDT,Paxos Standard / TetherUS,BINANCE,0.99904211,58.71075213,0.07104432,8816979.812,10547.76,0.9997,0.9996,0.9996,0.00020714,0.02%,0.99967778,0.99948834,-0.010003,-0.010003,0,0.03002101,-0.010003,0.09011715
BUSDUSDT,BUSD / TetherUS,BINANCE,0.99903591,58.95458889,0.06464369,1516697997,1610306.44,0.9997,0.9996,0.9996,0.00018571,0.02%,0.99967296,0.99951922,0,0,0,0.04003203,0,0.09011715
